step,type,amount,nameOrig,oldbalanceOrg,newbalanceOrig,nameDest,oldbalanceDest,newbalanceDest
633,TRANSFER,75480.15,C1749493036,75480.15,0.0,C1609209169,0.0,0.0
633,CASH_OUT,75480.15,C1211718725,75480.15,0.0,C1538735,0.0,75480.15
633,TRANSFER,4128853.75,C1152970909,4128853.75,0.0,C648717098,0.0,0.0
633,CASH_OUT,4128853.75,C2094498681,4128853.75,0.0,C72348796,1.398277891E7,1.811163266E7
633,TRANSFER,405400.26,C2129660302,405400.26,0.0,C770221962,0.0,0.0
633,CASH_OUT,405400.26,C134085656,405400.26,0.0,C1027510242,707011.54,1112411.81
633,TRANSFER,125107.12,C2008189700,125107.12,0.0,C1820507846,0.0,0.0
633,CASH_OUT,125107.12,C1400028457,125107.12,0.0,C1683701941,0.0,125107.12
